[{"id":"6281226770537@c.us","nama":"akojdfaw","umur":"18"},{"id":"6285719725122@c.us","nama":"nshrnal","umur":"18"},{"id":"6282324050439@c.us","nama":"zakaria","umur":"18"},{"id":"6289602578232@c.us","nama":"Suffi","umur":"16"},{"id":"628990949576@c.us","nama":"AkuGmntng","umur":"39"},{"id":"6287820396226@c.us","nama":"kanudahkemaren","umur":"16"},{"id":"628987131644@c.us","nama":"Prinses","umur":"17"},{"id":"6289630051465@c.us","nama":"KONTOLSAPI","umur":"17"},{"id":"6285212567243@c.us","nama":"cuk,cak,cuk","umur":"18"},{"id":"62895609623239@c.us","nama":"faza","umur":"\n17"},{"id":"6285788125101@c.us","nama":"vino","umur":"20"},{"id":"62895370217900@c.us","nama":"vhikiganteng","umur":"17"},{"id":"6287878915473@c.us","nama":"Dila","umur":"17"},{"id":"6282268432639@c.us","nama":"Jubaedah","umur":"18"},{"id":"628883419918@c.us","nama":"gopal","umur":"18"},{"id":"6282190394072@c.us","nama":"Rasyid","umur":"17"},{"id":"6282225516307@c.us","nama":"kirito","umur":"18"},{"id":"62895618731715@c.us","nama":"Shiro","umur":"18"},{"id":"6287892446620@c.us","nama":"Kansa","umur":"15"},{"id":"6281946357569@c.us","nama":"Fathir","umur":" 17"},{"id":"62895340939776@c.us","nama":"Zaldi","umur":"17"},{"id":"6282151000499@c.us","nama":"Rizaldi","umur":"17"},{"id":"6285808482721@c.us","nama":"ari","umur":"1"},{"id":"628972606622@c.us","nama":"baryon","umur":"16"},{"id":"6285867953119@c.us","nama":"Apex","umur":""},{"id":"6287828670664@c.us","nama":"kvt","umur":"17"},{"id":"6289675940916@c.us","nama":"wima","umur":"17"},{"id":"6285230878179@c.us","nama":"Ynss","umur":"16"},{"id":"6287889549280@c.us","nama":"Cindy","umur":"16"},{"id":"6285705407144@c.us","nama":"aldii","umur":"15"},{"id":"6285838594458@c.us","nama":"fira","umur":"18"},{"id":"6285816035475@c.us","nama":"zuzu","umur":"17"},{"id":"6282320353492@c.us","nama":"nabila","umur":"18"},{"id":"6289635513865@c.us","nama":"ムハンマド・ラフライ","umur":"17"},{"id":"6282339576710@c.us","nama":"ana","umur":"16"},{"id":"6281257724178@c.us","nama":"Tya","umur":"15"},{"id":"628813204837@c.us","nama":"kyunwoo","umur":"17"},{"id":"6282171843724@c.us","nama":"Ridwan","umur":"18"},{"id":"6287893210012@c.us","nama":"Ihsan","umur":"19"},{"id":"6282176413984@c.us","nama":"intel","umur":"20"},{"id":"6285295046778@c.us","nama":"chel","umur":"18"},{"id":"6285729993522@c.us","nama":"Retha","umur":"16"},{"id":"6282326999899@c.us","nama":"Rafael","umur":"14"},{"id":"6288802378531@c.us","nama":"iky","umur":"18"},{"id":"6285709317493@c.us","nama":"jamet","umur":"20"},{"id":"6282238176705@c.us","nama":"ard","umur":"17"},{"id":"67076658529@c.us","nama":"Frey","umur":"23"},{"id":"6281312084768@c.us","nama":"chiyu","umur":"17"},{"id":"6285263010993@c.us","nama":"Riz7","umur":"18"},{"id":"6285893130958@c.us","nama":"ayunda","umur":"11"},{"id":"6283119963428@c.us","nama":"ezz","umur":"15"},{"id":"6283867035030@c.us","nama":"Vinaditya","umur":"11"},{"id":"6281387708673@c.us","nama":"x","umur":"18"},{"id":"6281313609029@c.us","nama":"Sukinem","umur":"20"},{"id":"6281991382356@c.us","nama":"abdillah","umur":"17"},{"id":"6282255310076@c.us","nama":"Duta","umur":" 16"},{"id":"6282348418369@c.us","nama":"Aditya","umur":"17"},{"id":"60103836567@c.us","nama":"Franklin","umur":"15"},{"id":"6289643607558@c.us","nama":"riky","umur":"19"},{"id":"601164322921@c.us","nama":"Adi","umur":"17"},{"id":"6289629081254@c.us","nama":"hrdy","umur":"21"},{"id":"6283133736443@c.us","nama":"zaki","umur":"15"},{"id":"6285735573256@c.us","nama":"gadis","umur":"17"},{"id":"6285694034846@c.us","nama":"rafi","umur":"18"},{"id":"601158043851@c.us","nama":"muazzam","umur":"17"},{"id":"628985945421@c.us","nama":"nissa","umur":"17"},{"id":"6281999305450@c.us","nama":"Aidil","umur":"15"},{"id":"6289527063823@c.us","nama":"Filza","umur":"17"},{"id":"60136412452@c.us","nama":"ayen","umur":"21"},{"id":"6285694977732@c.us","nama":"ndes","umur":" 06"},{"id":"6283137329087@c.us","nama":"raka","umur":"15"},{"id":"6285559148199@c.us","nama":"rianti","umur":"17"},{"id":"6285320551667@c.us","nama":"dafina","umur":"16"},{"id":"6289687918418@c.us","nama":"Hanz","umur":"17"},{"id":"62895320273631@c.us","nama":"Ara","umur":"15"},{"id":"6281280639157@c.us","nama":"nurul","umur":"17"},{"id":"6281264133732@c.us","nama":"silvya","umur":"16"},{"id":"6288801210833@c.us","nama":"Alifah","umur":"18"},{"id":"6282295139532@c.us","nama":"abdi","umur":"25"},{"id":"628970263993@c.us","nama":"hehsjw","umur":"21"},{"id":"6285936605963@c.us","nama":"wiwi","umur":"16"},{"id":"6283807822039@c.us","nama":"tya","umur":"16"},{"id":"6285721574171@c.us","nama":"Cahyanti","umur":"17"},{"id":"6285832809293@c.us","nama":"Heri","umur":"15"},{"id":"628970956758@c.us","nama":"lagi","umur":"17"},{"id":"628882498775@c.us","nama":"LieLie","umur":"15"},{"id":"6281514595147@c.us","nama":"nighteyes","umur":"18"},{"id":"6285759458239@c.us","nama":"RimuruTempest","umur":" 16"},{"id":"6289626164841@c.us","nama":"konghuan","umur":"20"},{"id":"6282351315133@c.us","nama":"dox","umur":"15"},{"id":"6282371183262@c.us","nama":"Damar","umur":" 17"},{"id":"6282329325407@c.us","nama":"bod","umur":"18"},{"id":"6281266384497@c.us","nama":"nilam","umur":" 19"},{"id":"6287729419542@c.us","nama":"v","umur":"32"},{"id":"6285893479258@c.us","nama":"alone","umur":"17"},{"id":"6281365977274@c.us","nama":"boy","umur":"17"},{"id":"6283842351880@c.us","nama":"painem","umur":"32"},{"id":"6285155261887@c.us","nama":"nibali","umur":"17"},{"id":"6285269843833@c.us","nama":"haikal","umur":"17"},{"id":"6281326434172@c.us","nama":"ayu","umur":"16"},{"id":"6283116585964@c.us","nama":"odah","umur":"20"},{"id":"6285716165101@c.us","nama":"nanab","umur":"16"}]